true_class,filename,source_path,destination,llm_label,confidence
banking_kyc_otp_fraud,bank_impersonation__0lZwAXgaFu4.txt,/Users/user/Downloads/FraudCallDS/yt_dataset_9_hinglish/banking_kyc_otp_fraud/bank_impersonation__0lZwAXgaFu4.txt,/Users/user/Downloads/FraudCallDS/yt_dataset_9_hinglish/yt_conversations_llm/banking_kyc_otp_fraud/bank_impersonation__0lZwAXgaFu4.txt,CONVERSATION,0.9
banking_kyc_otp_fraud,bank_impersonation__4WbE_xqFVi4.txt,/Users/user/Downloads/FraudCallDS/yt_dataset_9_hinglish/banking_kyc_otp_fraud/bank_impersonation__4WbE_xqFVi4.txt,/Users/user/Downloads/FraudCallDS/yt_dataset_9_hinglish/yt_conversations_llm/banking_kyc_otp_fraud/bank_impersonation__4WbE_xqFVi4.txt,CONVERSATION,1.0
banking_kyc_otp_fraud,bank_impersonation__5lX8TrxkBiM.txt,/Users/user/Downloads/FraudCallDS/yt_dataset_9_hinglish/banking_kyc_otp_fraud/bank_impersonation__5lX8TrxkBiM.txt,/Users/user/Downloads/FraudCallDS/yt_dataset_9_hinglish/yt_conversations_llm/banking_kyc_otp_fraud/bank_impersonation__5lX8TrxkBiM.txt,CONVERSATION,1.0
banking_kyc_otp_fraud,bank_impersonation__Bonvxng8ZCw.txt,/Users/user/Downloads/FraudCallDS/yt_dataset_9_hinglish/banking_kyc_otp_fraud/bank_impersonation__Bonvxng8ZCw.txt,/Users/user/Downloads/FraudCallDS/yt_dataset_9_hinglish/yt_conversations_llm/banking_kyc_otp_fraud/bank_impersonation__Bonvxng8ZCw.txt,CONVERSATION,0.85
banking_kyc_otp_fraud,bank_impersonation__CD5e48wKzxc.txt,/Users/user/Downloads/FraudCallDS/yt_dataset_9_hinglish/banking_kyc_otp_fraud/bank_impersonation__CD5e48wKzxc.txt,/Users/user/Downloads/FraudCallDS/yt_dataset_9_hinglish/yt_conversations_llm/banking_kyc_otp_fraud/bank_impersonation__CD5e48wKzxc.txt,CONVERSATION,1.0
banking_kyc_otp_fraud,bank_impersonation__IG_rnyN7aQU.txt,/Users/user/Downloads/FraudCallDS/yt_dataset_9_hinglish/banking_kyc_otp_fraud/bank_impersonation__IG_rnyN7aQU.txt,/Users/user/Downloads/FraudCallDS/yt_dataset_9_hinglish/yt_conversations_llm/banking_kyc_otp_fraud/bank_impersonation__IG_rnyN7aQU.txt,CONVERSATION,0.9
banking_kyc_otp_fraud,bank_impersonation__IcOmg8h3pb0.txt,/Users/user/Downloads/FraudCallDS/yt_dataset_9_hinglish/banking_kyc_otp_fraud/bank_impersonation__IcOmg8h3pb0.txt,/Users/user/Downloads/FraudCallDS/yt_dataset_9_hinglish/yt_conversations_llm/banking_kyc_otp_fraud/bank_impersonation__IcOmg8h3pb0.txt,CONVERSATION,1.0
banking_kyc_otp_fraud,bank_impersonation__MmRCTRlFW7w.txt,/Users/user/Downloads/FraudCallDS/yt_dataset_9_hinglish/banking_kyc_otp_fraud/bank_impersonation__MmRCTRlFW7w.txt,/Users/user/Downloads/FraudCallDS/yt_dataset_9_hinglish/yt_conversations_llm/banking_kyc_otp_fraud/bank_impersonation__MmRCTRlFW7w.txt,CONVERSATION,0.95
banking_kyc_otp_fraud,bank_impersonation__QjT6goB9UBk.txt,/Users/user/Downloads/FraudCallDS/yt_dataset_9_hinglish/banking_kyc_otp_fraud/bank_impersonation__QjT6goB9UBk.txt,/Users/user/Downloads/FraudCallDS/yt_dataset_9_hinglish/yt_conversations_llm/banking_kyc_otp_fraud/bank_impersonation__QjT6goB9UBk.txt,CONVERSATION,1.0
banking_kyc_otp_fraud,bank_impersonation__T6sr_J6N4WM.txt,/Users/user/Downloads/FraudCallDS/yt_dataset_9_hinglish/banking_kyc_otp_fraud/bank_impersonation__T6sr_J6N4WM.txt,/Users/user/Downloads/FraudCallDS/yt_dataset_9_hinglish/yt_conversations_llm/banking_kyc_otp_fraud/bank_impersonation__T6sr_J6N4WM.txt,CONVERSATION,1.0
banking_kyc_otp_fraud,bank_impersonation__UACp2QNuCC8.txt,/Users/user/Downloads/FraudCallDS/yt_dataset_9_hinglish/banking_kyc_otp_fraud/bank_impersonation__UACp2QNuCC8.txt,/Users/user/Downloads/FraudCallDS/yt_dataset_9_hinglish/yt_conversations_llm/banking_kyc_otp_fraud/bank_impersonation__UACp2QNuCC8.txt,CONVERSATION,1.0
banking_kyc_otp_fraud,bank_impersonation__dI5UasyU1tE.txt,/Users/user/Downloads/FraudCallDS/yt_dataset_9_hinglish/banking_kyc_otp_fraud/bank_impersonation__dI5UasyU1tE.txt,/Users/user/Downloads/FraudCallDS/yt_dataset_9_hinglish/yt_conversations_llm/banking_kyc_otp_fraud/bank_impersonation__dI5UasyU1tE.txt,CONVERSATION,1.0
banking_kyc_otp_fraud,bank_impersonation__hTxGLK1Puo4.txt,/Users/user/Downloads/FraudCallDS/yt_dataset_9_hinglish/banking_kyc_otp_fraud/bank_impersonation__hTxGLK1Puo4.txt,/Users/user/Downloads/FraudCallDS/yt_dataset_9_hinglish/yt_conversations_llm/banking_kyc_otp_fraud/bank_impersonation__hTxGLK1Puo4.txt,CONVERSATION,0.95
banking_kyc_otp_fraud,bank_impersonation__l9kosyjS8MI.txt,/Users/user/Downloads/FraudCallDS/yt_dataset_9_hinglish/banking_kyc_otp_fraud/bank_impersonation__l9kosyjS8MI.txt,/Users/user/Downloads/FraudCallDS/yt_dataset_9_hinglish/yt_conversations_llm/banking_kyc_otp_fraud/bank_impersonation__l9kosyjS8MI.txt,CONVERSATION,0.95
banking_kyc_otp_fraud,bank_impersonation__oSxcny7iw9k.txt,/Users/user/Downloads/FraudCallDS/yt_dataset_9_hinglish/banking_kyc_otp_fraud/bank_impersonation__oSxcny7iw9k.txt,/Users/user/Downloads/FraudCallDS/yt_dataset_9_hinglish/yt_conversations_llm/banking_kyc_otp_fraud/bank_impersonation__oSxcny7iw9k.txt,CONVERSATION,1.0
banking_kyc_otp_fraud,bank_impersonation__ssNvbOrLQS0.txt,/Users/user/Downloads/FraudCallDS/yt_dataset_9_hinglish/banking_kyc_otp_fraud/bank_impersonation__ssNvbOrLQS0.txt,/Users/user/Downloads/FraudCallDS/yt_dataset_9_hinglish/yt_conversations_llm/banking_kyc_otp_fraud/bank_impersonation__ssNvbOrLQS0.txt,CONVERSATION,1.0
banking_kyc_otp_fraud,bank_impersonation__yZbB1wONWU8.txt,/Users/user/Downloads/FraudCallDS/yt_dataset_9_hinglish/banking_kyc_otp_fraud/bank_impersonation__yZbB1wONWU8.txt,/Users/user/Downloads/FraudCallDS/yt_dataset_9_hinglish/yt_conversations_llm/banking_kyc_otp_fraud/bank_impersonation__yZbB1wONWU8.txt,CONVERSATION,0.9
dating_romance_sextortion,dating_romance_scam__82uErc1otvE.txt,/Users/user/Downloads/FraudCallDS/yt_dataset_9_hinglish/dating_romance_sextortion/dating_romance_scam__82uErc1otvE.txt,/Users/user/Downloads/FraudCallDS/yt_dataset_9_hinglish/yt_conversations_llm/dating_romance_sextortion/dating_romance_scam__82uErc1otvE.txt,CONVERSATION,1.0
dating_romance_sextortion,dating_romance_scam__KneVwismXaM.txt,/Users/user/Downloads/FraudCallDS/yt_dataset_9_hinglish/dating_romance_sextortion/dating_romance_scam__KneVwismXaM.txt,/Users/user/Downloads/FraudCallDS/yt_dataset_9_hinglish/yt_conversations_llm/dating_romance_sextortion/dating_romance_scam__KneVwismXaM.txt,CONVERSATION,1.0
dating_romance_sextortion,dating_romance_scam__gQx9CN23MuI.txt,/Users/user/Downloads/FraudCallDS/yt_dataset_9_hinglish/dating_romance_sextortion/dating_romance_scam__gQx9CN23MuI.txt,/Users/user/Downloads/FraudCallDS/yt_dataset_9_hinglish/yt_conversations_llm/dating_romance_sextortion/dating_romance_scam__gQx9CN23MuI.txt,CONVERSATION,0.9
dating_romance_sextortion,dating_romance_scam__mbvqpT8XkH4.txt,/Users/user/Downloads/FraudCallDS/yt_dataset_9_hinglish/dating_romance_sextortion/dating_romance_scam__mbvqpT8XkH4.txt,/Users/user/Downloads/FraudCallDS/yt_dataset_9_hinglish/yt_conversations_llm/dating_romance_sextortion/dating_romance_scam__mbvqpT8XkH4.txt,CONVERSATION,0.95
dating_romance_sextortion,dating_romance_scam__whHtvTuWsns.txt,/Users/user/Downloads/FraudCallDS/yt_dataset_9_hinglish/dating_romance_sextortion/dating_romance_scam__whHtvTuWsns.txt,/Users/user/Downloads/FraudCallDS/yt_dataset_9_hinglish/yt_conversations_llm/dating_romance_sextortion/dating_romance_scam__whHtvTuWsns.txt,CONVERSATION,0.95
delivery_customer_care_scams,delivery_customer_care_scam__7e9iepgLGvE.txt,/Users/user/Downloads/FraudCallDS/yt_dataset_9_hinglish/delivery_customer_care_scams/delivery_customer_care_scam__7e9iepgLGvE.txt,/Users/user/Downloads/FraudCallDS/yt_dataset_9_hinglish/yt_conversations_llm/delivery_customer_care_scams/delivery_customer_care_scam__7e9iepgLGvE.txt,CONVERSATION,0.95
delivery_customer_care_scams,delivery_customer_care_scam__G-dYAbUc9Xc.txt,/Users/user/Downloads/FraudCallDS/yt_dataset_9_hinglish/delivery_customer_care_scams/delivery_customer_care_scam__G-dYAbUc9Xc.txt,/Users/user/Downloads/FraudCallDS/yt_dataset_9_hinglish/yt_conversations_llm/delivery_customer_care_scams/delivery_customer_care_scam__G-dYAbUc9Xc.txt,CONVERSATION,0.9
delivery_customer_care_scams,delivery_customer_care_scam__IzMKBmNL4kY.txt,/Users/user/Downloads/FraudCallDS/yt_dataset_9_hinglish/delivery_customer_care_scams/delivery_customer_care_scam__IzMKBmNL4kY.txt,/Users/user/Downloads/FraudCallDS/yt_dataset_9_hinglish/yt_conversations_llm/delivery_customer_care_scams/delivery_customer_care_scam__IzMKBmNL4kY.txt,CONVERSATION,1.0
delivery_customer_care_scams,delivery_customer_care_scam__O2GEfNya3og.txt,/Users/user/Downloads/FraudCallDS/yt_dataset_9_hinglish/delivery_customer_care_scams/delivery_customer_care_scam__O2GEfNya3og.txt,/Users/user/Downloads/FraudCallDS/yt_dataset_9_hinglish/yt_conversations_llm/delivery_customer_care_scams/delivery_customer_care_scam__O2GEfNya3og.txt,CONVERSATION,0.9
delivery_customer_care_scams,delivery_customer_care_scam__jIsYkF3jvEY.txt,/Users/user/Downloads/FraudCallDS/yt_dataset_9_hinglish/delivery_customer_care_scams/delivery_customer_care_scam__jIsYkF3jvEY.txt,/Users/user/Downloads/FraudCallDS/yt_dataset_9_hinglish/yt_conversations_llm/delivery_customer_care_scams/delivery_customer_care_scam__jIsYkF3jvEY.txt,CONVERSATION,0.9
delivery_customer_care_scams,delivery_customer_care_scam__oS84GQj_KpY.txt,/Users/user/Downloads/FraudCallDS/yt_dataset_9_hinglish/delivery_customer_care_scams/delivery_customer_care_scam__oS84GQj_KpY.txt,/Users/user/Downloads/FraudCallDS/yt_dataset_9_hinglish/yt_conversations_llm/delivery_customer_care_scams/delivery_customer_care_scam__oS84GQj_KpY.txt,CONVERSATION,0.9
digital_arrest_govt_impersonation,government_police_scam___oVglnnTY_A.txt,/Users/user/Downloads/FraudCallDS/yt_dataset_9_hinglish/digital_arrest_govt_impersonation/government_police_scam___oVglnnTY_A.txt,/Users/user/Downloads/FraudCallDS/yt_dataset_9_hinglish/yt_conversations_llm/digital_arrest_govt_impersonation/government_police_scam___oVglnnTY_A.txt,CONVERSATION,1.0
digital_arrest_govt_impersonation,government_police_scam__ajLsjhrKF1A.txt,/Users/user/Downloads/FraudCallDS/yt_dataset_9_hinglish/digital_arrest_govt_impersonation/government_police_scam__ajLsjhrKF1A.txt,/Users/user/Downloads/FraudCallDS/yt_dataset_9_hinglish/yt_conversations_llm/digital_arrest_govt_impersonation/government_police_scam__ajLsjhrKF1A.txt,CONVERSATION,1.0
digital_arrest_govt_impersonation,government_police_scam__lWeWMUxie6s.txt,/Users/user/Downloads/FraudCallDS/yt_dataset_9_hinglish/digital_arrest_govt_impersonation/government_police_scam__lWeWMUxie6s.txt,/Users/user/Downloads/FraudCallDS/yt_dataset_9_hinglish/yt_conversations_llm/digital_arrest_govt_impersonation/government_police_scam__lWeWMUxie6s.txt,CONVERSATION,1.0
digital_arrest_govt_impersonation,government_police_scam__n0HnSGjsaMw.txt,/Users/user/Downloads/FraudCallDS/yt_dataset_9_hinglish/digital_arrest_govt_impersonation/government_police_scam__n0HnSGjsaMw.txt,/Users/user/Downloads/FraudCallDS/yt_dataset_9_hinglish/yt_conversations_llm/digital_arrest_govt_impersonation/government_police_scam__n0HnSGjsaMw.txt,CONVERSATION,1.0
digital_arrest_govt_impersonation,government_police_scam__soui0UOca_E.txt,/Users/user/Downloads/FraudCallDS/yt_dataset_9_hinglish/digital_arrest_govt_impersonation/government_police_scam__soui0UOca_E.txt,/Users/user/Downloads/FraudCallDS/yt_dataset_9_hinglish/yt_conversations_llm/digital_arrest_govt_impersonation/government_police_scam__soui0UOca_E.txt,CONVERSATION,1.0
investment_task_scam,investment_money_scam__5aea-KZZMGY.txt,/Users/user/Downloads/FraudCallDS/yt_dataset_9_hinglish/investment_task_scam/investment_money_scam__5aea-KZZMGY.txt,/Users/user/Downloads/FraudCallDS/yt_dataset_9_hinglish/yt_conversations_llm/investment_task_scam/investment_money_scam__5aea-KZZMGY.txt,CONVERSATION,0.95
investment_task_scam,investment_money_scam__Bxq74EBn1Yw.txt,/Users/user/Downloads/FraudCallDS/yt_dataset_9_hinglish/investment_task_scam/investment_money_scam__Bxq74EBn1Yw.txt,/Users/user/Downloads/FraudCallDS/yt_dataset_9_hinglish/yt_conversations_llm/investment_task_scam/investment_money_scam__Bxq74EBn1Yw.txt,CONVERSATION,1.0
investment_task_scam,investment_money_scam__HkpfCQQwDM4.txt,/Users/user/Downloads/FraudCallDS/yt_dataset_9_hinglish/investment_task_scam/investment_money_scam__HkpfCQQwDM4.txt,/Users/user/Downloads/FraudCallDS/yt_dataset_9_hinglish/yt_conversations_llm/investment_task_scam/investment_money_scam__HkpfCQQwDM4.txt,CONVERSATION,1.0
investment_task_scam,investment_money_scam__I1EG8jf5Hgs.txt,/Users/user/Downloads/FraudCallDS/yt_dataset_9_hinglish/investment_task_scam/investment_money_scam__I1EG8jf5Hgs.txt,/Users/user/Downloads/FraudCallDS/yt_dataset_9_hinglish/yt_conversations_llm/investment_task_scam/investment_money_scam__I1EG8jf5Hgs.txt,CONVERSATION,1.0
investment_task_scam,investment_money_scam__OVU4i3z2Ie8.txt,/Users/user/Downloads/FraudCallDS/yt_dataset_9_hinglish/investment_task_scam/investment_money_scam__OVU4i3z2Ie8.txt,/Users/user/Downloads/FraudCallDS/yt_dataset_9_hinglish/yt_conversations_llm/investment_task_scam/investment_money_scam__OVU4i3z2Ie8.txt,CONVERSATION,1.0
investment_task_scam,investment_money_scam__UT3vTVUrQ6I.txt,/Users/user/Downloads/FraudCallDS/yt_dataset_9_hinglish/investment_task_scam/investment_money_scam__UT3vTVUrQ6I.txt,/Users/user/Downloads/FraudCallDS/yt_dataset_9_hinglish/yt_conversations_llm/investment_task_scam/investment_money_scam__UT3vTVUrQ6I.txt,CONVERSATION,0.95
investment_task_scam,investment_money_scam__VvAEB0ovh0A.txt,/Users/user/Downloads/FraudCallDS/yt_dataset_9_hinglish/investment_task_scam/investment_money_scam__VvAEB0ovh0A.txt,/Users/user/Downloads/FraudCallDS/yt_dataset_9_hinglish/yt_conversations_llm/investment_task_scam/investment_money_scam__VvAEB0ovh0A.txt,CONVERSATION,1.0
investment_task_scam,investment_money_scam__fnOtSNbhNqs.txt,/Users/user/Downloads/FraudCallDS/yt_dataset_9_hinglish/investment_task_scam/investment_money_scam__fnOtSNbhNqs.txt,/Users/user/Downloads/FraudCallDS/yt_dataset_9_hinglish/yt_conversations_llm/investment_task_scam/investment_money_scam__fnOtSNbhNqs.txt,CONVERSATION,0.9
investment_task_scam,investment_money_scam__gDiFvaxFlp0.txt,/Users/user/Downloads/FraudCallDS/yt_dataset_9_hinglish/investment_task_scam/investment_money_scam__gDiFvaxFlp0.txt,/Users/user/Downloads/FraudCallDS/yt_dataset_9_hinglish/yt_conversations_llm/investment_task_scam/investment_money_scam__gDiFvaxFlp0.txt,CONVERSATION,1.0
investment_task_scam,investment_money_scam__hg-5XMPJJfY.txt,/Users/user/Downloads/FraudCallDS/yt_dataset_9_hinglish/investment_task_scam/investment_money_scam__hg-5XMPJJfY.txt,/Users/user/Downloads/FraudCallDS/yt_dataset_9_hinglish/yt_conversations_llm/investment_task_scam/investment_money_scam__hg-5XMPJJfY.txt,CONVERSATION,1.0
investment_task_scam,investment_money_scam__jgZLmQr_b7o.txt,/Users/user/Downloads/FraudCallDS/yt_dataset_9_hinglish/investment_task_scam/investment_money_scam__jgZLmQr_b7o.txt,/Users/user/Downloads/FraudCallDS/yt_dataset_9_hinglish/yt_conversations_llm/investment_task_scam/investment_money_scam__jgZLmQr_b7o.txt,CONVERSATION,1.0
investment_task_scam,investment_money_scam__ySlUUI7VELE.txt,/Users/user/Downloads/FraudCallDS/yt_dataset_9_hinglish/investment_task_scam/investment_money_scam__ySlUUI7VELE.txt,/Users/user/Downloads/FraudCallDS/yt_dataset_9_hinglish/yt_conversations_llm/investment_task_scam/investment_money_scam__ySlUUI7VELE.txt,CONVERSATION,1.0
legacy_telecom_scams,lottery_prize_scam__2o7DkPelnrM.txt,/Users/user/Downloads/FraudCallDS/yt_dataset_9_hinglish/legacy_telecom_scams/lottery_prize_scam__2o7DkPelnrM.txt,/Users/user/Downloads/FraudCallDS/yt_dataset_9_hinglish/yt_conversations_llm/legacy_telecom_scams/lottery_prize_scam__2o7DkPelnrM.txt,CONVERSATION,0.9
legacy_telecom_scams,lottery_prize_scam__Dhi3QdG8uWM.txt,/Users/user/Downloads/FraudCallDS/yt_dataset_9_hinglish/legacy_telecom_scams/lottery_prize_scam__Dhi3QdG8uWM.txt,/Users/user/Downloads/FraudCallDS/yt_dataset_9_hinglish/yt_conversations_llm/legacy_telecom_scams/lottery_prize_scam__Dhi3QdG8uWM.txt,CONVERSATION,0.95
legacy_telecom_scams,lottery_prize_scam__IkNhJpbkYgA.txt,/Users/user/Downloads/FraudCallDS/yt_dataset_9_hinglish/legacy_telecom_scams/lottery_prize_scam__IkNhJpbkYgA.txt,/Users/user/Downloads/FraudCallDS/yt_dataset_9_hinglish/yt_conversations_llm/legacy_telecom_scams/lottery_prize_scam__IkNhJpbkYgA.txt,CONVERSATION,0.95
legacy_telecom_scams,lottery_prize_scam__Mqx_ZsH_BEc.txt,/Users/user/Downloads/FraudCallDS/yt_dataset_9_hinglish/legacy_telecom_scams/lottery_prize_scam__Mqx_ZsH_BEc.txt,/Users/user/Downloads/FraudCallDS/yt_dataset_9_hinglish/yt_conversations_llm/legacy_telecom_scams/lottery_prize_scam__Mqx_ZsH_BEc.txt,CONVERSATION,1.0
legacy_telecom_scams,lottery_prize_scam__PXQ-9u63OGM.txt,/Users/user/Downloads/FraudCallDS/yt_dataset_9_hinglish/legacy_telecom_scams/lottery_prize_scam__PXQ-9u63OGM.txt,/Users/user/Downloads/FraudCallDS/yt_dataset_9_hinglish/yt_conversations_llm/legacy_telecom_scams/lottery_prize_scam__PXQ-9u63OGM.txt,CONVERSATION,1.0
legacy_telecom_scams,lottery_prize_scam__PcQWjwe4Atk.txt,/Users/user/Downloads/FraudCallDS/yt_dataset_9_hinglish/legacy_telecom_scams/lottery_prize_scam__PcQWjwe4Atk.txt,/Users/user/Downloads/FraudCallDS/yt_dataset_9_hinglish/yt_conversations_llm/legacy_telecom_scams/lottery_prize_scam__PcQWjwe4Atk.txt,CONVERSATION,1.0
legacy_telecom_scams,lottery_prize_scam__REOmF6U36P0.txt,/Users/user/Downloads/FraudCallDS/yt_dataset_9_hinglish/legacy_telecom_scams/lottery_prize_scam__REOmF6U36P0.txt,/Users/user/Downloads/FraudCallDS/yt_dataset_9_hinglish/yt_conversations_llm/legacy_telecom_scams/lottery_prize_scam__REOmF6U36P0.txt,CONVERSATION,1.0
legacy_telecom_scams,lottery_prize_scam__SriJ5mELld8.txt,/Users/user/Downloads/FraudCallDS/yt_dataset_9_hinglish/legacy_telecom_scams/lottery_prize_scam__SriJ5mELld8.txt,/Users/user/Downloads/FraudCallDS/yt_dataset_9_hinglish/yt_conversations_llm/legacy_telecom_scams/lottery_prize_scam__SriJ5mELld8.txt,CONVERSATION,1.0
legacy_telecom_scams,lottery_prize_scam__U2dKr51bdis.txt,/Users/user/Downloads/FraudCallDS/yt_dataset_9_hinglish/legacy_telecom_scams/lottery_prize_scam__U2dKr51bdis.txt,/Users/user/Downloads/FraudCallDS/yt_dataset_9_hinglish/yt_conversations_llm/legacy_telecom_scams/lottery_prize_scam__U2dKr51bdis.txt,CONVERSATION,1.0
legacy_telecom_scams,lottery_prize_scam__YNsK9gfWhNI.txt,/Users/user/Downloads/FraudCallDS/yt_dataset_9_hinglish/legacy_telecom_scams/lottery_prize_scam__YNsK9gfWhNI.txt,/Users/user/Downloads/FraudCallDS/yt_dataset_9_hinglish/yt_conversations_llm/legacy_telecom_scams/lottery_prize_scam__YNsK9gfWhNI.txt,CONVERSATION,1.0
legacy_telecom_scams,lottery_prize_scam__eYQgZ48gO88.txt,/Users/user/Downloads/FraudCallDS/yt_dataset_9_hinglish/legacy_telecom_scams/lottery_prize_scam__eYQgZ48gO88.txt,/Users/user/Downloads/FraudCallDS/yt_dataset_9_hinglish/yt_conversations_llm/legacy_telecom_scams/lottery_prize_scam__eYQgZ48gO88.txt,CONVERSATION,1.0
legacy_telecom_scams,lottery_prize_scam__gEX_mh07Mzg.txt,/Users/user/Downloads/FraudCallDS/yt_dataset_9_hinglish/legacy_telecom_scams/lottery_prize_scam__gEX_mh07Mzg.txt,/Users/user/Downloads/FraudCallDS/yt_dataset_9_hinglish/yt_conversations_llm/legacy_telecom_scams/lottery_prize_scam__gEX_mh07Mzg.txt,CONVERSATION,0.95
legacy_telecom_scams,lottery_prize_scam__jc3ulA0f6X8.txt,/Users/user/Downloads/FraudCallDS/yt_dataset_9_hinglish/legacy_telecom_scams/lottery_prize_scam__jc3ulA0f6X8.txt,/Users/user/Downloads/FraudCallDS/yt_dataset_9_hinglish/yt_conversations_llm/legacy_telecom_scams/lottery_prize_scam__jc3ulA0f6X8.txt,CONVERSATION,0.95
legacy_telecom_scams,lottery_prize_scam__lJiPZgY8P48.txt,/Users/user/Downloads/FraudCallDS/yt_dataset_9_hinglish/legacy_telecom_scams/lottery_prize_scam__lJiPZgY8P48.txt,/Users/user/Downloads/FraudCallDS/yt_dataset_9_hinglish/yt_conversations_llm/legacy_telecom_scams/lottery_prize_scam__lJiPZgY8P48.txt,CONVERSATION,1.0
legacy_telecom_scams,lottery_prize_scam__lpUtdi_BHqk.txt,/Users/user/Downloads/FraudCallDS/yt_dataset_9_hinglish/legacy_telecom_scams/lottery_prize_scam__lpUtdi_BHqk.txt,/Users/user/Downloads/FraudCallDS/yt_dataset_9_hinglish/yt_conversations_llm/legacy_telecom_scams/lottery_prize_scam__lpUtdi_BHqk.txt,CONVERSATION,1.0
legacy_telecom_scams,lottery_prize_scam__pHXCgUW5Po8.txt,/Users/user/Downloads/FraudCallDS/yt_dataset_9_hinglish/legacy_telecom_scams/lottery_prize_scam__pHXCgUW5Po8.txt,/Users/user/Downloads/FraudCallDS/yt_dataset_9_hinglish/yt_conversations_llm/legacy_telecom_scams/lottery_prize_scam__pHXCgUW5Po8.txt,CONVERSATION,0.95
legacy_telecom_scams,lottery_prize_scam__pO6shiQtTvo.txt,/Users/user/Downloads/FraudCallDS/yt_dataset_9_hinglish/legacy_telecom_scams/lottery_prize_scam__pO6shiQtTvo.txt,/Users/user/Downloads/FraudCallDS/yt_dataset_9_hinglish/yt_conversations_llm/legacy_telecom_scams/lottery_prize_scam__pO6shiQtTvo.txt,CONVERSATION,0.95
legacy_telecom_scams,lottery_prize_scam__uQbjTtQyFgU.txt,/Users/user/Downloads/FraudCallDS/yt_dataset_9_hinglish/legacy_telecom_scams/lottery_prize_scam__uQbjTtQyFgU.txt,/Users/user/Downloads/FraudCallDS/yt_dataset_9_hinglish/yt_conversations_llm/legacy_telecom_scams/lottery_prize_scam__uQbjTtQyFgU.txt,CONVERSATION,0.95
legacy_telecom_scams,lottery_prize_scam__y8IAJEFq6tw.txt,/Users/user/Downloads/FraudCallDS/yt_dataset_9_hinglish/legacy_telecom_scams/lottery_prize_scam__y8IAJEFq6tw.txt,/Users/user/Downloads/FraudCallDS/yt_dataset_9_hinglish/yt_conversations_llm/legacy_telecom_scams/lottery_prize_scam__y8IAJEFq6tw.txt,CONVERSATION,0.95
legacy_telecom_scams,lottery_prize_scam__yZodryOQVnA.txt,/Users/user/Downloads/FraudCallDS/yt_dataset_9_hinglish/legacy_telecom_scams/lottery_prize_scam__yZodryOQVnA.txt,/Users/user/Downloads/FraudCallDS/yt_dataset_9_hinglish/yt_conversations_llm/legacy_telecom_scams/lottery_prize_scam__yZodryOQVnA.txt,CONVERSATION,1.0
legacy_telecom_scams,lottery_prize_scam__zj9iXfKMCF8.txt,/Users/user/Downloads/FraudCallDS/yt_dataset_9_hinglish/legacy_telecom_scams/lottery_prize_scam__zj9iXfKMCF8.txt,/Users/user/Downloads/FraudCallDS/yt_dataset_9_hinglish/yt_conversations_llm/legacy_telecom_scams/lottery_prize_scam__zj9iXfKMCF8.txt,CONVERSATION,0.95
loan_credit_app_scams,loan_credit_scam__2XfbZFkREG4.txt,/Users/user/Downloads/FraudCallDS/yt_dataset_9_hinglish/loan_credit_app_scams/loan_credit_scam__2XfbZFkREG4.txt,/Users/user/Downloads/FraudCallDS/yt_dataset_9_hinglish/yt_conversations_llm/loan_credit_app_scams/loan_credit_scam__2XfbZFkREG4.txt,CONVERSATION,1.0
loan_credit_app_scams,loan_credit_scam__CqzHMYpU4Xs.txt,/Users/user/Downloads/FraudCallDS/yt_dataset_9_hinglish/loan_credit_app_scams/loan_credit_scam__CqzHMYpU4Xs.txt,/Users/user/Downloads/FraudCallDS/yt_dataset_9_hinglish/yt_conversations_llm/loan_credit_app_scams/loan_credit_scam__CqzHMYpU4Xs.txt,CONVERSATION,0.9
upi_wallet_fraud,upi_wallet_fraud__HqnzrLsIDqc.txt,/Users/user/Downloads/FraudCallDS/yt_dataset_9_hinglish/upi_wallet_fraud/upi_wallet_fraud__HqnzrLsIDqc.txt,/Users/user/Downloads/FraudCallDS/yt_dataset_9_hinglish/yt_conversations_llm/upi_wallet_fraud/upi_wallet_fraud__HqnzrLsIDqc.txt,CONVERSATION,1.0
upi_wallet_fraud,upi_wallet_fraud__MsjMrsuemPs.txt,/Users/user/Downloads/FraudCallDS/yt_dataset_9_hinglish/upi_wallet_fraud/upi_wallet_fraud__MsjMrsuemPs.txt,/Users/user/Downloads/FraudCallDS/yt_dataset_9_hinglish/yt_conversations_llm/upi_wallet_fraud/upi_wallet_fraud__MsjMrsuemPs.txt,CONVERSATION,1.0
upi_wallet_fraud,upi_wallet_fraud__a7XPzNEm6ng.txt,/Users/user/Downloads/FraudCallDS/yt_dataset_9_hinglish/upi_wallet_fraud/upi_wallet_fraud__a7XPzNEm6ng.txt,/Users/user/Downloads/FraudCallDS/yt_dataset_9_hinglish/yt_conversations_llm/upi_wallet_fraud/upi_wallet_fraud__a7XPzNEm6ng.txt,CONVERSATION,0.95
upi_wallet_fraud,upi_wallet_fraud__bFOiLi3z5IA.txt,/Users/user/Downloads/FraudCallDS/yt_dataset_9_hinglish/upi_wallet_fraud/upi_wallet_fraud__bFOiLi3z5IA.txt,/Users/user/Downloads/FraudCallDS/yt_dataset_9_hinglish/yt_conversations_llm/upi_wallet_fraud/upi_wallet_fraud__bFOiLi3z5IA.txt,CONVERSATION,1.0
upi_wallet_fraud,upi_wallet_fraud__dk6S5vtAmPg.txt,/Users/user/Downloads/FraudCallDS/yt_dataset_9_hinglish/upi_wallet_fraud/upi_wallet_fraud__dk6S5vtAmPg.txt,/Users/user/Downloads/FraudCallDS/yt_dataset_9_hinglish/yt_conversations_llm/upi_wallet_fraud/upi_wallet_fraud__dk6S5vtAmPg.txt,CONVERSATION,1.0
upi_wallet_fraud,upi_wallet_fraud__iCQ8a1IRQTQ.txt,/Users/user/Downloads/FraudCallDS/yt_dataset_9_hinglish/upi_wallet_fraud/upi_wallet_fraud__iCQ8a1IRQTQ.txt,/Users/user/Downloads/FraudCallDS/yt_dataset_9_hinglish/yt_conversations_llm/upi_wallet_fraud/upi_wallet_fraud__iCQ8a1IRQTQ.txt,CONVERSATION,1.0
upi_wallet_fraud,upi_wallet_fraud__l-1nf5TpqNo.txt,/Users/user/Downloads/FraudCallDS/yt_dataset_9_hinglish/upi_wallet_fraud/upi_wallet_fraud__l-1nf5TpqNo.txt,/Users/user/Downloads/FraudCallDS/yt_dataset_9_hinglish/yt_conversations_llm/upi_wallet_fraud/upi_wallet_fraud__l-1nf5TpqNo.txt,CONVERSATION,1.0
upi_wallet_fraud,upi_wallet_fraud__lZPIPe9_YCU.txt,/Users/user/Downloads/FraudCallDS/yt_dataset_9_hinglish/upi_wallet_fraud/upi_wallet_fraud__lZPIPe9_YCU.txt,/Users/user/Downloads/FraudCallDS/yt_dataset_9_hinglish/yt_conversations_llm/upi_wallet_fraud/upi_wallet_fraud__lZPIPe9_YCU.txt,CONVERSATION,0.95
upi_wallet_fraud,upi_wallet_fraud__qOP82N1El7M.txt,/Users/user/Downloads/FraudCallDS/yt_dataset_9_hinglish/upi_wallet_fraud/upi_wallet_fraud__qOP82N1El7M.txt,/Users/user/Downloads/FraudCallDS/yt_dataset_9_hinglish/yt_conversations_llm/upi_wallet_fraud/upi_wallet_fraud__qOP82N1El7M.txt,CONVERSATION,1.0
